﻿<?xml version="1.0" encoding="UTF-8" standalone="yes"?>
<addon id="repository.theblackbox" name="TheBlackBox Repository" version="1.0.1" provider-name="TheBlackBox">
	<extension point="xbmc.addon.repository" name="TheBlackBox Repository">
		<info compressed="false">https://raw.githubusercontent.com/TheBlackBoxOSTV/_repo/master/addons.xml</info>
		<checksum>https://raw.githubusercontent.com/TheBlackBoxOSTV/_repo/master/addons.xml.md5</checksum>
		<datadir zip="true">https://raw.githubusercontent.com/TheBlackBoxOSTV/_repo/master/</datadir>
	</extension>
	<extension point="xbmc.addon.metadata">
		<summary>Install TheBlackBox's Addons</summary>
		<description>Download and install wizards and addons by TheBlackBox</description>
		<platform>all</platform>
	</extension>
</addon>

