<?xml version="1.0" encoding="UTF-8" standalone="yes"?>
    <addon id="plugin.video.blackboxwizard" name="TheBlackBox Wizard" version="2.8.4" provider-name="TheBlackBoxOSTV.co.uk">
        <requires>
            <import addon="xbmc.python" version="2.1.0" />
            <import addon="script.module.requests" version="1.1.0" />
            <import addon="script.module.addon.common" />
        </requires>
        <extension point="xbmc.python.pluginsource" library="default.py">
            <provides>video executable</provides>
        </extension>
        <extension point="xbmc.addon.metadata">
            <summary lang="en">TheBlackBox Wizard</summary>
            <description lang="en">TheBlackBox Wizard</description>
            <platform>all</platform>
        </extension>
    </addon>

